Corrections,Loss (dB),Fibre Length (km),Power (mW),Acquisition Time (s),Coincidence Window (ps),Brightness (cps),Heralding,Quantum Bit Error Rate,QX,Secure Key Rate (bps),Tstamp,exit_flag,angle,H1550,V1550,D1550,A1550,H780,V780,D780,A780,H1550H780,H1550V780,H1550D780,H1550A780,V1550H780,V1550V780,V1550D780,V1550A780,D1550H780,D1550V780,D1550D780,D1550A780,A1550H780,A1550V780,A1550D780,A1550A780
None,48.047999999999995,0,7.5,28.533938867077005,400,26.17935096447209,0.0003207496156302794,0.136986301369863,0.0815450643776824,0.2108547665641193,1722335576.0642838,None,188.0,87123321,163754890,75146431,89310800,2780,2483,5645,2151,113,10,65,60,10,13,20,10,55,50,115,5,65,43,14,99
None,48.047999999999995,0,7.5,27.813474175031992,400,27.00130142944058,0.00032848343926175806,0.15753424657534246,0.1259259259259259,-2.3563512528779627,1722335613.1501212,None,188.0,86193747,161926725,74381124,88361869,2642,2438,5528,2114,115,10,56,43,13,8,31,6,52,64,124,10,57,26,24,112
None,48.047999999999995,0,7.5,30.474636584751988,400,25.07002824710527,0.00030015142701433076,0.1437908496732026,0.09787234042553192,-0.7056687354276443,1722336404.3198442,None,188.0,95542116,178746377,82893513,97578214,3035,2683,6178,2351,120,11,57,67,11,11,26,10,47,67,117,7,59,43,16,95
None,48.047999999999995,0,7.5,29.001189186365988,400,26.96441152722224,0.0003241650424983608,0.19047619047619047,0.08677685950413223,-1.7268743046943433,1722336444.4155927,None,188.0,91207353,170683768,79122631,93110781,2803,2635,5706,2261,109,14,62,59,14,10,27,11,60,69,122,9,66,39,12,99
