Corrections,Loss (dB),Fibre Length (km),Power (mW),Acquisition Time (s),Coincidence Window (ps),Brightness (cps),Heralding,Quantum Bit Error Rate,QX,Secure Key Rate (bps),Tstamp,exit_flag,H1550,V1550,D1550,A1550,H780,V780,D780,A780,H1550H780,H1550V780,H1550D780,H1550A780,V1550H780,V1550V780,V1550D780,V1550A780,D1550H780,D1550V780,D1550D780,D1550A780,A1550H780,A1550V780,A1550D780,A1550A780
None,22.0,10.0,7.5,19.266540564997015,1000,3714.2111609807357,0.009540884588171223,0.06102031939352513,0.06806735514066235,575.4211633696112,1721226963.1054811,None,16848903,22984744,24809796,23116953,164264,154666,171519,150561,7638,414,4329,2899,568,7473,3794,5115,5433,4408,9423,670,5659,4173,668,8896
None,22.0,10.0,7.5,19.285841230722003,1000,3727.656944799427,0.009580951746526635,0.06811701995785298,0.07876039304610734,453.55642007808785,1721226984.585729,None,16897817,23010199,24861534,23201043,164180,154489,170587,150765,7530,470,4237,3083,629,7505,3754,5135,5475,4442,9303,770,5543,4243,793,8979
None,22.0,10.0,7.5,19.221252139155006,1000,3918.6833123407155,0.009799841148449052,0.06285849447105435,0.0667959282598158,602.4184564993175,1721227799.4347558,None,17153357,23283206,25153247,23525641,170368,159505,176685,156349,8096,443,4518,3175,620,7752,3857,5420,5848,4550,9893,711,5996,4417,667,9359
None,22.0,10.0,7.5,19.220068760353026,1000,3953.5238373728016,0.009837590165647166,0.06539382261925615,0.07142857142857142,554.0337874770914,1721227820.7540262,None,17194973,23355060,25225722,23567791,171791,160841,177694,157461,8057,441,4683,3111,679,7950,3777,5744,5701,4713,9832,744,6025,4302,742,9486
None,22.0,10.0,7.5,19.206664622332017,1000,3788.7890183383897,0.009662404612392445,0.065984685331419,0.07838745800671892,478.8479256607781,1721228635.4424624,None,16631036,22947193,24759324,22864036,168485,159672,174700,147587,7793,468,4339,2917,635,7820,3811,5017,5582,4725,9507,774,5816,4201,766,8599
None,22.0,10.0,7.5,19.280889174608994,1000,3836.4413243664667,0.009705968022194212,0.06541335547384652,0.07188953924658562,534.2148229164117,1721228656.786825,None,16821664,23150702,24982780,23108968,169626,162430,177277,150197,7810,428,4585,3024,675,7949,3905,5168,5698,4537,9688,690,5637,4565,747,8864
