Corrections,Loss (dB),Fibre Length (km),Power (mW),Acquisition Time (s),Coincidence Window (ps),Brightness (cps),Heralding,Quantum Bit Error Rate,QX,Secure Key Rate (bps),Tstamp,exit_flag,H1550,V1550,D1550,A1550,H780,V780,D780,A780,H1550H780,H1550V780,H1550D780,H1550A780,V1550H780,V1550V780,V1550D780,V1550A780,D1550H780,D1550V780,D1550D780,D1550A780,A1550H780,A1550V780,A1550D780,A1550A780
None,22.0,10.0,2.5,29.99330095070299,1000,1245.378094975055,0.009253972981688738,0.03665602459501005,0.04297294657681414,322.23841833392214,1721219413.989092,None,8874985,12623826,13439131,12655073,85821,84297,91879,80338,3924,138,2035,1518,172,4223,1990,2662,3036,2233,4915,226,2769,2414,214,4884
None,22.0,10.0,2.5,30.021152988304003,1000,1261.7769882042085,0.009301504592488142,0.03881439661256175,0.04367484367484367,318.1417813017205,1721220410.1246862,None,9044878,12800266,13586699,12837119,86800,84575,92847,79372,4010,133,2182,1554,197,4162,1991,2705,3110,2188,5097,217,2808,2445,237,4844
None,22.0,10.0,2.5,30.016038009258992,1000,1234.373436912991,0.009175544429842713,0.04121687929342493,0.04690248192300176,295.6730117542603,1721222084.67606,None,9155268,12866457,13687216,12984047,84475,80346,89584,80460,3893,140,2206,1521,196,3923,1864,2926,2964,2163,4950,283,2827,2194,197,4804
