Corrections,Loss (dB),Fibre Length (km),Power (mW),Acquisition Time (s),Coincidence Window (ps),Brightness (cps),Heralding,Quantum Bit Error Rate,QX,Secure Key Rate (bps),Tstamp,exit_flag,H1550,V1550,D1550,A1550,H780,V780,D780,A780,H1550H780,H1550V780,H1550D780,H1550A780,V1550H780,V1550V780,V1550D780,V1550A780,D1550H780,D1550V780,D1550D780,D1550A780,A1550H780,A1550V780,A1550D780,A1550A780
None,28.0,10.0,2.5,35.175406350863014,1000,298.5608721970695,0.004389657353580371,0.03636363636363636,0.050673281360737066,72.45866485343113,1721219527.590181,None,10257920,14644659,15569572,14626162,25501,25329,30114,22939,1106,39,649,436,49,1226,568,690,806,601,1356,69,777,733,74,1323
None,28.0,10.0,2.5,35.04877870835902,1000,312.70704440797175,0.004471187761395681,0.0414802765351769,0.05,72.63629990905093,1721220524.4225216,None,10630498,15086263,16000705,15089890,25896,25402,30408,24066,1175,47,620,453,55,1182,568,817,870,668,1436,80,834,691,69,1395
None,28.0,10.0,2.5,35.07439117169199,1000,292.6066471050568,0.004274827702896071,0.03949730700179533,0.04294478527607362,73.79286398488424,1721222196.6448557,None,10556712,14820398,15787032,14964337,24959,24520,29501,23710,1050,38,582,422,50,1090,532,767,770,627,1389,62,760,641,64,1419
