Corrections,Loss (dB),Fibre Length (km),Power (mW),Acquisition Time (s),Coincidence Window (ps),Brightness (cps),Heralding,Quantum Bit Error Rate,QX,Secure Key Rate (bps),Tstamp,exit_flag,H1550,V1550,D1550,A1550,H780,V780,D780,A780,H1550H780,H1550V780,H1550D780,H1550A780,V1550H780,V1550V780,V1550D780,V1550A780,D1550H780,D1550V780,D1550D780,D1550A780,A1550H780,A1550V780,A1550D780,A1550A780
None,44.019999999999996,10.0,7.5,26.31142820880301,1000,23.79194299268632,0.0004858020306248892,0.07971014492753623,0.10303030303030303,1.4312576014288818,1721227549.5828176,None,23123404,31553440,34076988,31788172,2801,3102,5721,2151,52,2,45,21,9,75,33,47,50,37,80,6,61,29,11,68
None,44.019999999999996,10.0,7.5,26.335558322157006,1000,27.22554772635154,0.0005557063439863108,0.12658227848101267,0.14358974358974358,-1.926934081609672,1721227578.741319,None,23115576,31511926,34025974,31762043,2894,3084,5601,2246,71,11,36,26,9,67,47,54,50,47,86,10,61,43,18,81
None,44.019999999999996,10.0,7.5,26.265147742309992,1000,25.1664299201793,0.0004993706126911656,0.10365853658536585,0.1242603550295858,-0.2764673956971851,1721228385.801904,None,22572811,31206181,33604103,31025515,3070,3650,5758,2319,87,9,48,28,8,60,40,44,47,51,89,8,36,34,13,59
None,44.019999999999996,10.0,7.5,26.282623626075974,1000,27.81305285195149,0.0005493706839896699,0.12578616352201258,0.15048543689320387,-2.1808380651546524,1721228414.8542476,None,22444089,31175190,33598874,30943356,3072,3837,5727,2348,57,15,43,20,5,82,50,51,54,44,89,13,58,46,18,86
None,44.019999999999996,10.0,7.5,26.34378903721701,1000,27.976233751295542,0.0005447438144302852,0.13970588235294118,0.14351851851851852,-2.4737685601722625,1721229222.073173,None,23464839,32064251,34658068,32175189,3095,3680,5834,2350,56,12,53,29,7,61,58,55,52,35,115,9,62,41,22,70
None,44.019999999999996,10.0,7.5,26.352258394297984,1000,26.487293405981134,0.0005119626616562679,0.10429447852760736,0.13114754098360656,-0.5700030512818518,1721229251.2870212,None,23473835,32040640,34637288,32186454,3142,3773,5864,2415,69,11,43,34,6,77,42,39,47,41,83,9,58,48,15,76
