Corrections,Loss (dB),Fibre Length (km),Power (mW),Acquisition Time (s),Coincidence Window (ps),Brightness (cps),Heralding,Quantum Bit Error Rate,QX,Secure Key Rate (bps),H1550,V1550,D1550,A1550,H780,V780,D780,A780,H1550H780,H1550V780,H1550D780,H1550A780,V1550H780,V1550V780,V1550D780,V1550A780,D1550H780,D1550V780,D1550D780,D1550A780,A1550H780,A1550V780,A1550D780,A1550A780
None,25.04,0,5.0,21.96714959054801,400,3985.496599780559,0.009507570627063174,0.06242009475821614,0.08518927719951154,483.8734464530527,47550816,54931060,35947906,30405657,138133,113617,127358,123130,14187,722,4271,9216,938,10747,9292,4330,2875,5593,8115,770,6317,1865,695,7617
