Corrections,Loss (dB),Fibre Length (km),Power (mW),Acquisition Time (s),Coincidence Window (ps),Brightness (cps),Heralding,Quantum Bit Error Rate,QX,Secure Key Rate (bps),H1550,V1550,D1550,A1550,H780,V780,D780,A780,H1550H780,H1550V780,H1550D780,H1550A780,V1550H780,V1550V780,V1550D780,V1550A780,D1550H780,D1550V780,D1550D780,D1550A780,A1550H780,A1550V780,A1550D780,A1550A780
None,28.0,0,2.5,34.15102486594298,400,984.9484790585132,0.00654258618188668,0.052667578659370724,0.07764742204384069,151.94930933817506,36607981,43836933,28269406,23252068,53621,46115,53434,47126,5318,224,1567,3547,315,4377,3773,1608,1080,2234,3215,290,2384,732,213,2760
