Corrections,Loss (dB),Fibre Length (km),Power (mW),Acquisition Time (s),Coincidence Window (ps),Brightness (cps),Heralding,Quantum Bit Error Rate,QX,Secure Key Rate (bps),H1550,V1550,D1550,A1550,H780,V780,D780,A780,H1550H780,H1550V780,H1550D780,H1550A780,V1550H780,V1550V780,V1550D780,V1550A780,D1550H780,D1550V780,D1550D780,D1550A780,A1550H780,A1550V780,A1550D780,A1550A780
None,33.96,0,10.0,20.168725470565995,400,1024.407815464216,0.0034262800788811176,0.07369432874078821,0.10115052732502397,75.70710037017619,79921188,93746179,62551753,52246082,34225,28426,32792,30613,3261,204,994,2148,256,2521,2114,1022,716,1301,1921,229,1496,456,193,1829
