Corrections,Loss (dB),Fibre Length (km),Power (mW),Acquisition Time (s),Coincidence Window (ps),Brightness (cps),Heralding,Quantum Bit Error Rate,QX,Secure Key Rate (bps),H1550,V1550,D1550,A1550,H780,V780,D780,A780,H1550H780,H1550V780,H1550D780,H1550A780,V1550H780,V1550V780,V1550D780,V1550A780,D1550H780,D1550V780,D1550D780,D1550A780,A1550H780,A1550V780,A1550D780,A1550A780
None,33.96,0,7.5,21.957732970121008,400,803.9081276751095,0.003461191658721788,0.07432559894359554,0.08800911421247508,75.70732583245888,67172019,79116678,52073207,43409538,28469,24849,29045,25217,2713,181,922,1745,213,2194,1862,850,574,1115,1656,165,1365,407,144,1546
