Corrections,Loss (dB),Fibre Length (km),Power (mW),Acquisition Time (s),Coincidence Window (ps),Brightness (cps),Heralding,Quantum Bit Error Rate,QX,Secure Key Rate (bps),H1550,V1550,D1550,A1550,H780,V780,D780,A780,H1550H780,H1550V780,H1550D780,H1550A780,V1550H780,V1550V780,V1550D780,V1550A780,D1550H780,D1550V780,D1550D780,D1550A780,A1550H780,A1550V780,A1550D780,A1550A780
None,47.94,0,2.5,50.96810863154799,400,10.908782274409331,0.0002690001905645538,0.1,0.1511627906976744,-0.44583183579316166,55803752,64818333,41978408,35311556,4091,5581,9217,2697,73,9,41,71,8,80,58,28,14,32,42,4,42,14,9,31
